,FirstName,APIPredictGender,probability,count
0,aaron,male,0.99,24633
1,abbas,male,0.97,6690
2,abdellatif,male,0.98,3099
3,abderrahmane,male,0.98,1614
4,abrams,male,0.97,36
5,adam,male,0.98,116396
6,adrian,male,0.99,90344
7,adrienne,female,0.97,1569
8,agnieszka,female,0.98,98095
9,aki,male,0.69,3475
10,akira,male,0.85,3151
11,akiva,male,0.81,36
12,alain,male,0.99,76390
13,alan,male,0.99,39948
14,alastair,male,0.99,745
15,albert,male,0.98,41504
16,alberto,male,0.99,124347
17,alejandro,male,0.99,56977
18,aleksander,male,0.99,6192
19,aleksandr,male,0.99,7354
20,aleksey,male,0.99,3185
21,alex,male,0.9,411319
22,alexander,male,0.99,66065
23,alexandre,male,0.99,61354
24,alfonso,male,0.99,30170
25,alice,female,0.98,68971
26,alison,female,0.98,25555
27,allen,male,0.93,6769
28,allison,female,0.93,4385
29,amma,female,0.66,373
30,amnon,male,1.0,69
31,amos,male,0.97,3088
32,amy,female,0.97,31233
33,anand,male,0.99,2738
34,andre,male,0.95,64369
35,andrea,male,0.62,302977
36,andres,male,0.98,46013
37,andrew,male,0.99,60301
38,andrey,male,0.99,16822
39,andrucha,male,1.0,31
40,andrzej,male,0.99,40041
41,andy,male,0.92,66103
42,ang,female,0.57,2025
43,angela,female,0.99,106685
44,angelina,female,0.99,23487
45,anna,female,0.98,383713
46,anne,female,0.97,78727
47,annemarie,female,0.98,3586
48,annette,female,0.98,9790
49,anthony,male,0.99,98251
50,antoine,male,0.99,38236
51,anton,male,0.97,25344
52,antonia,female,0.98,18904
53,antonio,male,0.99,328654
54,anubhav,male,1.0,204
55,ari,male,0.65,10413
56,ariel,male,0.81,11501
57,armando,male,0.99,21130
58,arnaud,male,0.99,39701
59,arne,male,0.98,4411
60,arthur,male,0.99,20587
61,asghar,male,0.98,593
62,ashutosh,male,0.99,758
63,asif,male,0.99,4847
64,atom,male,0.78,659
65,audrey,female,0.97,54814
66,austin,male,0.98,4612
67,ava,female,0.9,1774
68,babak,male,0.98,2732
69,baltasar,male,1.0,336
70,baran,male,0.93,18057
71,barbara,female,0.98,94709
72,barbet,male,0.63,38
73,barry,male,0.97,12863
74,bart,male,0.99,16580
75,bayona,male,0.6,10
76,baz,male,0.96,1413
77,beeban,,0.0,0
78,ben,male,0.95,77991
79,benedikt,male,1.0,2248
80,benh,male,0.97,37
81,benito,male,0.98,5639
82,benjamin,male,0.99,62465
83,bennett,male,0.93,307
84,benoit,male,0.99,27836
85,bent,male,0.75,1563
86,bernardo,male,0.99,7259
87,bertrand,male,0.97,14197
88,bette,female,0.89,180
89,betty,female,0.99,31159
90,bill,male,0.97,15510
91,bille,male,0.62,288
92,billy,male,0.96,16988
93,bjorn,male,0.99,5027
94,bo,male,0.79,6996
95,boaz,male,0.99,331
96,bob,male,0.95,42362
97,bobby,male,0.96,12129
98,bonnie,female,0.9,3712
99,brad,male,0.99,10696
100,breck,male,0.98,45
101,brenda,female,0.99,23113
102,brett,male,0.99,5601
103,brian,male,0.99,51483
104,britt,female,0.94,2220
105,bruce,male,0.98,10698
106,bruno,male,0.99,103169
107,bryan,male,0.99,22678
108,burr,male,0.86,21
109,byambasuren,female,0.67,3
110,byron,male,0.98,2849
111,calin,male,0.88,3252
112,callie,female,0.88,344
113,cameron,male,0.92,3334
114,camille,female,0.9,51457
115,campbell,male,0.87,371
116,cardone,male,0.76,38
117,carl,male,0.98,17561
118,carlos,male,0.99,236888
119,caroline,female,0.98,64753
120,carter,male,0.95,1366
121,caruso,male,0.83,317
122,cary,female,0.52,1142
123,cate,female,0.98,1763
124,catherine,female,0.98,50312
125,cedric,male,0.99,44343
126,celine,female,0.99,62291
127,chan-wook,male,1.0,3
128,charles,male,0.99,49331
129,charlie,male,0.81,17826
130,chatrichalerm,,0.0,0
131,chia-liang,male,1.0,1
132,chris,male,0.9,156083
133,christian,male,0.99,156233
134,christine,female,0.99,91004
135,christoffer,male,1.0,2676
136,christophe,male,0.99,90978
137,christopher,male,0.99,53539
138,chuan,male,0.86,478
139,chuck,male,0.98,2643
140,ciro,male,0.99,17019
141,clare,female,0.97,4271
142,clark,male,0.98,2533
143,claude,male,0.89,34671
144,claudia,female,0.98,118604
145,clint,male,0.99,2565
146,cody,male,0.94,2771
147,colin,male,0.98,13002
148,coline,female,0.96,2036
149,conrad,male,0.98,1829
150,corey,male,0.98,3457
151,corneliu,male,1.0,558
152,cory,male,0.77,3711
153,costa-gavras,,0.0,0
154,courtney,female,0.79,1805
155,craig,male,0.99,19490
156,cristi,male,0.78,9720
157,cristian,male,0.99,75120
158,cristina,female,0.99,140931
159,curtis,male,0.99,4112
160,cutler,male,1.0,32
161,cyrus,male,0.98,1498
162,dagur,male,0.67,6
163,daisy,female,0.98,10425
164,damian,male,0.99,45769
165,damien,male,0.99,45746
166,dan,male,0.95,55986
167,daniel,male,0.99,317409
168,daniele,male,0.95,77519
169,danis,male,0.85,603
170,danny,male,0.95,46318
171,dario,male,0.99,41022
172,darnell,male,0.91,231
173,darren,male,0.99,15908
174,dave,male,0.99,47377
175,david,male,0.99,501011
176,davis,male,0.97,2904
177,dax,male,0.94,739
178,dean,male,0.98,13192
179,debra,female,0.97,3324
180,denis,male,0.96,57303
181,deniz,male,0.6,55582
182,dennie,male,0.91,508
183,dennis,male,0.99,61118
184,denys,male,0.89,1164
185,denzel,male,0.97,837
186,derek,male,0.99,11770
187,dermot,male,0.99,394
188,derrick,male,0.99,3467
189,des,male,0.7,1705
190,dewey,male,0.96,231
191,dexter,male,0.98,3306
192,diane,female,0.97,15367
193,diego,male,0.99,85672
194,dinesh,male,0.99,3252
195,dito,male,0.95,394
196,dominic,male,0.98,9906
197,don,male,0.98,21894
198,donald,male,0.98,12059
199,doug,male,0.99,4055
200,douglas,male,0.99,9529
201,drake,male,0.98,1064
202,drew,male,0.95,3330
203,duke,male,0.98,2125
204,duncan,male,0.99,3407
205,dustin,male,1.0,6011
206,dwight,male,0.99,869
207,dylan,male,0.98,18797
208,ed,male,0.95,6629
209,eddy,male,0.98,26557
210,edgar,male,0.99,16632
211,eduardo,male,0.99,43964
212,edward,male,0.99,22248
213,eli,female,0.81,20631
214,elia,male,0.59,6138
215,elias,male,0.98,13320
216,elie,male,0.93,9097
217,elizabeth,female,0.99,31288
218,ellory,male,0.89,9
219,emanuele,male,0.99,30449
220,emile,male,0.94,4740
221,emilio,male,0.99,25883
222,emmanuel,male,0.99,45589
223,emmanuelle,female,0.97,14356
224,eran,male,0.97,715
225,eric,male,0.99,135071
226,erick,male,0.98,9929
227,erik,male,0.99,36091
228,ernest,male,0.98,9066
229,espen,male,1.0,939
230,etan,male,0.94,217
231,etgar,male,1.0,6
232,ethan,male,0.99,3521
233,eugenio,male,0.99,10416
234,eytan,male,0.85,165
235,fabian,male,0.99,27337
236,fabrice,male,0.99,38300
237,farhan,male,0.98,3148
238,fatih,male,0.97,76719
239,fede,male,0.56,16419
240,fedor,male,0.97,1196
241,felix,male,0.98,35608
242,fernando,male,0.99,88476
243,fina,female,0.98,3552
244,finn,male,0.98,2229
245,florent-emilio,,0.0,0
246,floria,female,0.87,278
247,florian,male,0.99,57806
248,forest,male,0.89,602
249,francesca,female,0.99,106743
250,francis,male,0.94,38777
251,franco,male,0.99,48451
252,francois,male,0.98,26836
253,frank,male,0.99,82391
254,fred,male,0.96,73886
255,frederic,male,0.99,41164
256,frederik,male,0.99,4045
257,fredi,male,0.96,1740
258,fritz,male,0.95,3715
259,gabor,male,0.96,3811
260,gabriele,male,0.85,34408
261,gaetan,male,0.99,11785
262,gareth,male,0.99,5276
263,garry,male,0.98,4764
264,garth,male,0.99,596
265,gary,male,0.99,29381
266,gaspar,male,0.94,2100
267,gavin,male,0.99,5560
268,genndy,,0.0,0
269,geoffrey,male,0.99,14049
270,george,male,0.98,65488
271,gerard,male,0.98,28780
272,gianni,male,0.99,49975
273,gil,male,0.92,7595
274,gillian,female,0.92,3122
275,gillo,male,0.96,128
276,gina,female,0.98,22233
277,giuseppe,male,0.99,163742
278,glen,male,0.55,8106
279,glenn,male,0.98,9801
280,godfrey,male,0.99,1976
281,gordon,male,0.99,6411
282,gore,male,0.64,302
283,goro,male,0.94,280
284,grant,male,0.99,4310
285,greg,male,0.99,40836
286,gregor,male,0.99,4834
287,gregory,male,0.99,25701
288,griffin,male,0.96,247
289,guillaume,male,0.99,58261
290,guillermo,male,0.99,15173
291,gurinder,male,0.91,87
292,gus,male,0.96,4008
293,gustavo,male,0.98,18273
294,guy,male,0.98,26733
295,gyorgy,male,0.79,264
296,hans,male,0.97,37182
297,harald,male,0.99,6762
298,hark,male,0.93,45
299,harmony,female,0.81,1257
300,harold,male,0.99,5937
301,harry,male,0.98,24264
302,hayao,male,0.82,11
303,hayden,male,0.91,734
304,hector,male,0.99,20708
305,helen,female,0.98,32058
306,henry,male,0.98,30742
307,hideo,male,1.0,472
308,hironobu,male,1.0,151
309,hitoshi,male,1.0,613
310,ho,male,0.79,2612
311,hogan,male,0.92,134
312,howard,male,0.99,3213
313,hoyt,male,1.0,35
314,hsiao-hsien,,0.0,0
315,hugh,male,0.98,2212
316,hyung-rae,,0.0,0
317,iain,male,0.99,2485
318,ian,male,0.99,27117
319,ira,female,0.92,6844
320,irvin,male,0.98,670
321,irwin,male,0.99,476
322,isabel,female,0.98,60396
323,isao,male,0.99,326
324,ishiro,male,1.0,6
325,ismail,male,0.97,18985
326,israel,male,0.98,10526
327,istvan,male,0.99,3876
328,ivan,male,0.99,117756
329,jackie,female,0.79,11477
330,jaco,male,0.97,2484
331,jacob,male,0.99,15119
332,jacques,male,0.98,29221
333,jafar,male,0.97,1161
334,jake,male,0.98,10579
335,jalil,male,0.97,2047
336,jalmari,male,1.0,54
337,james,male,0.99,117309
338,jamie,male,0.81,19333
339,jan,male,0.95,142869
340,jane,female,0.97,36653
341,janos,male,0.99,2344
342,janus,male,0.94,746
343,janusz,male,0.99,11913
344,jared,male,0.99,4056
345,jarrad,male,1.0,94
346,jason,male,0.99,63418
347,jaume,male,0.99,5055
348,jay,male,0.91,36724
349,je-kyu,,0.0,0
350,jean-francois,male,0.99,765
351,jean-jacques,male,0.99,3778
352,jean-luc,male,0.99,9755
353,jean-marc,male,0.99,8788
354,jean-marie,male,0.98,6205
355,jean-paul,male,0.99,5995
356,jean-pierre,male,0.99,12826
357,jee-woon,,0.0,0
358,jeff,male,0.99,32948
359,jeffrey,male,0.99,22034
360,jennifer,female,0.98,90255
361,jeong-hyang,,0.0,0
362,jeremiah,male,0.97,2184
363,jeremy,male,0.99,48233
364,jerome,male,0.99,55481
365,jerry,male,0.97,19532
366,jerusha,female,0.95,60
367,jesse,male,0.91,9983
368,jessica,female,0.98,144795
369,jessy,female,0.76,21086
370,jez,male,0.87,583
371,jieho,,0.0,0
372,jim,male,0.98,26900
373,jingming,male,0.57,7
374,jiri,male,0.99,10190
375,joachim,male,0.99,8264
376,joan,male,0.69,27362
377,joann,female,0.83,1206
378,joao,male,0.98,12849
379,jocelyn,female,0.59,4921
380,jodie,female,0.96,3058
381,joe,male,0.95,58829
382,joel,male,0.98,42048
383,joey,male,0.83,11459
384,johan,male,0.99,41501
385,john,male,0.99,218952
386,johnnie,male,0.93,968
387,jon,male,0.98,29554
388,jonas,male,0.99,25038
389,jonathan,male,0.99,87986
390,joon-ho,male,1.0,15
391,jordan,male,0.97,30440
392,jorma,male,0.98,760
393,jose,male,0.98,451671
394,josef,male,0.98,32222
395,joseph,male,0.99,60259
396,josh,male,0.99,17918
397,joshua,male,0.99,20919
398,joss,male,0.81,2813
399,juan,male,0.98,274814
400,judd,male,0.8,231
401,julia,female,0.97,106666
402,julian,male,0.98,33459
403,julie,female,0.98,116926
404,jun,male,0.9,8911
405,justin,male,0.98,29577
406,kaige,male,0.75,4
407,kar-wai,male,1.0,3
408,karan,male,0.96,3193
409,karen,female,0.95,48557
410,karey,female,0.79,43
411,karim,male,0.98,92804
412,karl,male,0.98,20591
413,karyn,female,0.96,593
414,kasi,male,0.68,344
415,kathryn,female,0.98,2307
416,katia,female,0.98,36801
417,katja,female,0.97,17879
418,katrin,female,0.97,16603
419,katrina,female,0.98,6088
420,katsuhiro,male,1.0,189
421,katt,female,0.84,258
422,katz,female,0.59,136
423,keanu,male,0.99,353
424,keenen,male,0.86,14
425,kees,male,0.94,5712
426,keith,male,0.98,14549
427,kelly,female,0.87,40778
428,ken,male,0.98,20992
429,kenneth,male,0.98,20666
430,kenny,male,0.94,15791
431,kerry,female,0.8,6450
432,kevin,male,0.99,157365
433,ki-duk,,0.0,0
434,kief,male,0.85,13
435,kieran,male,0.99,3261
436,kike,male,0.98,10514
437,kim,female,0.56,51609
438,kimberly,female,0.99,17328
439,kirk,male,0.98,2179
440,kirsten,female,0.97,6031
441,kiyoshi,male,0.99,414
442,klay,male,0.9,135
443,kleber,male,0.98,738
444,koji,male,0.99,1511
445,kornel,male,0.99,1016
446,kris,male,0.71,19811
447,kristian,male,0.99,8752
448,kunihiko,male,1.0,119
449,kurt,male,0.98,11876
450,kyle,male,0.98,12606
451,lajos,male,0.99,5803
452,lana,female,0.97,9189
453,larry,male,0.97,11821
454,lars,male,0.99,22753
455,lasse,male,0.99,4389
456,laszlo,male,0.96,1741
457,laura,female,0.98,288403
458,lauren,female,0.9,8924
459,lawrence,male,0.98,8119
460,lee,male,0.8,38767
461,leigh,male,0.5,2515
462,len,male,0.62,2006
463,lena,female,0.98,42258
464,lenny,male,0.67,3917
465,leos,male,0.98,391
466,leslye,female,0.92,153
467,levan,male,0.98,687
468,lexi,female,0.82,833
469,liev,male,0.77,13
470,lilly,female,0.97,9422
471,lionel,male,0.99,23008
472,lisa,female,0.98,102796
473,lloyd,male,0.99,3358
474,lone,female,0.82,2352
475,louis,male,0.97,26805
476,luc,male,0.97,26405
477,luca,male,0.96,185452
478,lucia,female,0.99,80584
479,lucky,male,0.84,11309
480,lucrecia,female,0.99,706
481,luis,male,0.99,176693
482,lukas,male,0.99,29433
483,luke,male,0.99,16791
484,lynn,female,0.93,7857
485,lynne,female,0.98,2892
486,mabrouk,male,0.96,959
487,madhur,male,0.95,94
488,madonna,female,0.94,979
489,maggie,female,0.98,6326
490,malcolm,male,0.99,3722
491,malgorzata,female,0.97,6794
492,mani,male,0.85,5865
493,manoel,male,0.99,594
494,mans,male,0.94,724
495,marc,male,0.99,116213
496,marcelo,male,0.99,17962
497,marco,male,0.99,357670
498,marcos,male,0.99,42611
499,marcus,male,0.99,28005
500,marek,male,0.99,72236
501,marielle,female,0.98,4932
502,marius,male,0.99,30101
503,marjane,female,0.84,68
504,mark,male,0.99,119313
505,mars,male,0.81,2743
506,marshall,male,0.96,1693
507,martha,female,0.98,11060
508,martin,male,0.98,180687
509,mary,female,0.99,142684
510,mathieu,male,0.99,43521
511,matt,male,0.99,38275
512,matteo,male,0.99,69199
513,matthew,male,1.0,35521
514,max,male,0.98,106688
515,mcg,male,0.73,64
516,mel,female,0.84,18575
517,mennan,male,0.93,73
518,menno,male,0.99,1333
519,mia,female,0.96,19266
520,mic,male,0.88,4048
521,michael,male,0.99,245870
522,michel,male,0.97,93795
523,mick,male,0.98,12792
524,miguel,male,0.99,158479
525,mihalis,male,0.99,456
526,mikael,male,0.99,16160
527,mike,male,0.99,109844
528,milos,male,0.99,10436
529,mimi,female,0.88,50235
530,mira,female,0.75,16295
531,miranda,female,0.95,8537
532,morgan,male,0.89,15354
533,morris,male,0.98,3194
534,morten,male,0.99,4878
535,myles,male,0.9,620
536,nabil,male,0.98,31603
537,nacho,male,0.99,18504
538,nadine,female,0.98,55786
539,nancy,female,0.98,42623
540,nanni,male,0.73,1137
541,naomi,female,0.98,10562
542,natalie,female,0.98,22384
543,nate,male,0.89,1934
544,ned,male,0.89,1032
545,neema,female,0.91,381
546,neil,male,0.99,15028
547,neill,male,0.97,262
548,niall,male,0.99,1310
549,nicholas,male,0.99,16755
550,nick,male,0.98,46290
551,nicolas,male,0.99,116713
552,nicole,female,0.98,102075
553,niels,male,0.99,7479
554,nigel,male,0.99,5537
555,night,male,0.82,1347
556,niki,female,0.67,13224
557,nikita,female,0.52,10326
558,nima,male,0.86,4387
559,nimrod,male,0.98,270
560,noah,male,0.88,3939
561,noam,male,0.94,673
562,nora,female,0.97,21072
563,norman,male,0.99,7666
564,ol,male,0.58,853
565,olaf,male,0.99,6421
566,olatunde,male,0.96,693
567,ole,male,0.95,5205
568,oliver,male,0.99,32776
569,olivier,male,0.99,76702
570,omid,male,0.99,3882
571,oren,male,0.93,481
572,oxide,male,1.0,20
573,pablo,male,0.99,76709
574,paco,male,0.98,43633
575,panna,female,0.88,503
576,paolo,male,0.99,102713
577,pascal,male,0.99,84147
578,pascale,female,0.97,16746
579,pat,male,0.67,26734
580,patrice,male,0.97,24078
581,patricia,female,0.98,132232
582,patrick,male,0.99,153288
583,patty,female,0.96,10123
584,paul,male,0.99,148099
585,pavel,male,0.98,62180
586,pawel,male,0.99,19522
587,pedro,male,0.99,165413
588,penelope,female,0.98,3904
589,penny,female,0.9,3861
590,pete,male,0.98,10020
591,peter,male,0.99,165452
592,petter,male,0.99,1676
593,peyton,female,0.82,350
594,phie,female,0.85,48
595,phil,male,0.98,28225
596,philip,male,0.99,21882
597,philipp,male,1.0,18479
598,philippe,male,0.99,82618
599,phillip,male,0.99,7618
600,phyllida,female,0.8,5
601,piero,male,0.99,22914
602,pierre,male,0.99,91174
603,pieter,male,0.99,7575
604,ping,male,0.53,1584
605,pitof,male,0.86,7
606,piyush,male,0.99,1152
607,prachya,male,0.89,27
608,preston,male,0.98,772
609,quentin,male,0.99,22654
610,rachel,female,0.98,28052
611,rachid,male,0.97,47645
612,radu,male,0.87,9612
613,raja,male,0.7,7822
614,rajkumar,male,0.99,573
615,ralph,male,0.99,10130
616,ramaa,female,0.7,23
617,raman,male,0.94,1211
618,ramin,male,0.98,3436
619,randal,male,0.97,356
620,randall,male,0.99,2073
621,raoul,male,0.98,6085
622,ravi,male,0.98,6167
623,rawson,male,1.0,13
624,ray,male,0.94,18330
625,raymond,male,0.99,21679
626,rebecca,female,0.98,36835
627,reginald,male,0.99,1486
628,regis,male,0.98,7159
629,renny,male,0.52,819
630,rian,male,0.73,1517
631,ric,male,0.98,6552
632,rich,male,0.97,7514
633,richard,male,0.99,101928
634,rick,male,0.99,16772
635,ricky,male,0.97,19296
636,ridley,male,0.98,54
637,ringo,male,0.95,1394
638,rintaro,male,1.0,45
639,risa,female,0.89,1132
640,ritesh,male,0.99,1096
641,roar,male,0.99,337
642,rob,male,0.98,32016
643,robert,male,0.99,177418
644,roberto,male,0.99,151858
645,roberts,male,0.93,486
646,robin,male,0.93,34003
647,rod,male,0.97,3796
648,rodman,male,0.99,156
649,rodrigo,male,0.99,22355
650,roger,male,0.98,38190
651,roland,male,0.99,30706
652,rolf,male,0.99,7534
653,roman,male,0.98,54731
654,ron,male,0.98,15585
655,ronnie,male,0.94,6898
656,ronny,male,0.98,15356
657,rowan,male,0.69,902
658,ruairi,male,0.99,114
659,ruba,female,0.82,483
660,rupert,male,0.98,1048
661,russell,male,0.98,5609
662,ryan,male,0.99,45164
663,ryuhei,male,1.0,63
664,rza,male,0.91,3936
665,salim,male,0.98,29722
666,sally,female,0.95,12510
667,sam,male,0.81,96261
668,samantha,female,0.98,31152
669,samuel,male,0.99,59464
670,sara,female,0.98,244324
671,sarah,female,0.98,174584
672,saul,male,0.98,5201
673,scott,male,0.99,31815
674,sean,male,0.99,25765
675,sebastian,male,0.99,81792
676,sergei,male,0.99,4860
677,sergio,male,0.99,131922
678,seth,male,0.98,4054
679,shana,female,0.97,2956
680,shane,male,0.89,11605
681,shari,female,0.89,1046
682,sharon,female,0.98,33532
683,shawn,male,0.97,8922
684,shekhar,male,0.99,473
685,sherman,male,0.98,464
686,shira,female,0.93,358
687,siddiq,male,0.98,129
688,sidney,male,0.79,2861
689,silvio,male,0.99,14558
690,simon,male,0.98,71276
691,siu-tung,male,1.0,1
692,so,female,0.76,8185
693,sofia,female,0.98,59571
694,sophie,female,0.98,87796
695,spike,male,0.96,1549
696,stanley,male,0.99,8165
697,stefan,male,0.98,83987
698,stefen,male,0.99,278
699,stephan,male,0.99,21077
700,stephane,male,0.99,59726
701,stephen,male,0.99,36980
702,steve,male,0.99,72719
703,steven,male,0.99,61542
704,stewart,male,0.98,2720
705,stig,male,0.99,1564
706,stuart,male,0.99,10695
707,sue,female,0.97,12000
708,susan,female,0.98,32184
709,susanna,female,0.97,9791
710,susanne,female,0.98,22012
711,sydney,male,0.59,2025
712,sylvain,male,0.99,37051
713,sylvester,male,0.98,2121
714,takao,male,1.0,406
715,takashi,male,0.99,2985
716,takeshi,male,1.0,2049
717,tamara,female,0.98,42613
718,tamra,female,0.92,170
719,tarsem,male,0.97,35
720,tate,male,0.73,420
721,tatiana,female,0.98,38772
722,taylor,male,0.72,3370
723,ted,male,0.98,6828
724,terence,male,0.99,3392
725,terrence,male,0.99,1138
726,terry,male,0.7,20947
727,thaddeus,male,0.98,207
728,theo,male,0.97,12986
729,theodore,male,0.98,2116
730,thomas,male,0.99,176440
731,thor,male,0.98,2111
732,ti,male,0.69,3178
733,tim,male,0.99,47038
734,timur,male,0.98,5621
735,tobe,male,0.86,232
736,tobias,male,1.0,31474
737,tod,male,0.95,399
738,todd,male,0.99,6598
739,tom,male,0.99,126230
740,tomas,male,0.99,35318
741,tomm,male,0.96,467
742,tommy,male,0.98,29200
743,tony,male,0.98,128022
744,travis,male,0.99,5870
745,trevor,male,0.99,6317
746,trey,male,0.94,745
747,troy,male,0.98,4904
748,trygve,male,1.0,127
749,tyler,male,0.98,7242
750,uli,male,0.74,2276
751,ulrich,male,0.98,5397
752,ulu,male,0.84,195
753,uwe,male,0.99,12326
754,vadim,male,1.0,6572
755,valerie,female,0.98,38121
756,vic,male,0.73,6910
757,vicente,male,0.98,20107
758,victor,male,0.99,94927
759,vincent,male,0.99,79107
760,vincenzo,male,0.99,61364
761,vondie,,0.0,0
762,wai-keung,,0.0,0
763,wally,male,0.83,1976
764,walt,male,0.98,471
765,walter,male,0.99,30023
766,warren,male,0.99,4479
767,wash,male,0.84,104
768,wayne,male,0.98,12470
769,wen,female,0.54,2776
770,werner,male,0.99,9378
771,wes,male,0.98,1848
772,whit,male,0.51,63
773,will,male,0.97,15251
774,william,male,0.99,64097
775,wim,male,0.99,8236
776,wolfgang,male,0.99,12915
777,woo-ping,,0.0,0
778,woody,male,0.93,1454
779,wych,female,1.0,1
780,xavier,male,0.99,36056
781,xiaogang,male,1.0,58
782,yash,male,0.97,1425
783,ye,male,0.54,1419
784,yimou,female,0.5,2
785,yoav,male,0.99,223
786,yorgos,male,0.99,139
787,yvan,male,0.99,6732
788,zach,male,0.99,2074
789,zacharias,male,0.98,207
790,zack,male,0.98,4748
791,zak,male,0.97,6369
792,zaza,male,0.5,7669
793,zhang,male,0.6,2336
794,zhangke,male,0.67,3
795,zoe,female,0.95,8926
